Avg Routing Cost,Average Throughput
0.0,6863.701876106978
0.0,2919.2506328305617
0.0,807.9717476897664
0.0,38.868348169703886
0.0,14.939641373327783