Arrival Rate,Average Throughput
300000.0,6863.701876106978
450000.0,2919.2506328305617
600000.0,807.9717476897664
750000.0,38.868348169703886
900000.0,14.939641373327783