Arrival Rate,Average Throughput
300000.0,9530.229850858146
450000.0,4343.523152798376
600000.0,1394.4171224332786
750000.0,130.72531818145734
900000.0,21.157807366526406