Avg Routing Cost,Average Throughput
0.0,9530.229850858146
0.0,4343.523152798376
0.0,1394.4171224332786
0.0,130.72531818145734
0.0,21.157807366526406